{
    "0": 1.065515463,
    "1": 1.113754834,
    "2": 1.097473124,
    "3": 1.108617693,
    "4": 1,
    "5": 1.304993526,
    "6": 1.234425587,
    "7": 1.092601057 
}








