{
    "pfr_w0": -50.79374952,
    "pfr_w1": -50.67806617,
    "pfr_w2": -50.94617822,
    "pf_w0": -48.37722678,
    "pf_w1": -48.23952037,
    "pf_w2": -48.45580249,
    "d_w0": -49.6014358,
    "d_w1": -49.70940169,
    "d_w2": -49.55807742,
    "prl_w0": -58.28749171,
    "prl_w1": -58.21794817,
    "prl_w2": -58.44224932,
    "prr_w0": -56.0482226,
    "prr_w1": -56.40496277,
    "prr_w2": -57.03758423,
    "prm10l_w0":	-55.64627054579,
    "prm10l_w1":	-55.3669564425281,
    "prm10l_w2":	-56.3251450465559,
    "prm10r_w0":	-55.1299542941681,
    "prm10r_w1":	-55.5309042287924,
    "prm10r_w2":	-55.7309213640713,
    "prm_w0":	-53.6399548933063,
    "prm_w1":	-54.0220116711648,
    "prm_w2":	-54.5496345776821
}