{
    "pfr_w0":    -50.7937495237529,
    "pfr_w1":    -50.6780661730674,
    "pfr_w2":    -50.9461782228774,
    "pf_w0":    -48.3772267755227,
    "pf_w1":    -48.2395203711459,
    "pf_w2":    -48.455802490396,
    "d_w0":     -49.6014357978985,
    "d_w1":     -49.7094016888662,
    "d_w2":     -49.5580774222604,
    "prl_w0":   -58.287491711478,
    "prl_w1":   -58.2179481673981,
    "prl_w2":   -58.4422493233329,
    "prr_w0":   -56.0482226047691,
    "prr_w1":   -56.4049627727314,
    "prr_w2":   -57.0375842335393,
    "pm10l_w0":	-55.64627054579,
    "pm10l_w1":	-55.3669564425281,
    "pm10l_w2":	-56.3251450465559,
    "pm10r_w0":	-55.1299542941681,
    "pm10r_w1":	-55.5309042287924,
    "pm10r_w2":	-55.7309213640713,
    "pm_w0":	-53.6399548933063,
    "pm_w1":	-54.0220116711648,
    "pm_w2":	-54.5496345776821

}