{
    "pfr_w0": -50.79374952,
    "pfr_w1": -50.67806617,
    "pfr_w2": -50.94617822,
    "pf_w0": -48.37722678,
    "pf_w1": -48.23952037,
    "pf_w2": -48.45580249,
    "d_w0": -49.6014358,
    "d_w1": -49.70940169,
    "d_w2": -49.55807742,
    "prl_w0": -58.28749171,
    "prl_w1": -58.21794817,
    "prl_w2": -58.44224932,
    "prr_w0": -56.0482226,
    "prr_w1": -56.40496277
}