{
    "pfr_w0": -50.7937495237529,
    "pfr_w1": -50.6780661730674,
    "pfr_w2": -50.9461782228774,
    "pf_w0": -48.3772267755227,
    "pf_w1": -48.2395203711459,
    "pf_w2": -48.455802490396,
    "d_w0": -49.6014357978985,
    "d_w1": -49.7094016888662,
    "d_w2": -49.5580774222604,
    "prl_w0": -58.287491711478,
    "prl_w1": -58.2179481673981,
    "prl_w2": -58.4422493233329,
    "prr_w0": -56.0482226047691,
    "prr_w1": -56.4049627727314,
    "prr_w2": -57.0375842335393
}