{
    "pfr90_w0": -49.6132230907048,
    "pfr90_w1": -49.2132697575988,
    "pfr90_w2": -49.4846359823859,
    "pf_w0": -46.9463712084589,
    "pf_w1": -47.4483902118205,
    "pf_w2": -47.6991769620147,
    "d45_w0": -44.3978383525519,
    "d45_w1": -44.3559306238756,
    "d45_w2": -44.5311178465179,
    "d55_w0": -45.3361557496754,
    "d55_w1": -45.4380648005839,
    "d55_w2": -45.8503267141683,
    "prl66_w0": -53.0017425429445,
    "prl66_w1": -53.3160370810168,
    "prl66_w2": -53.2574121191908,
    "prl_w0": -52.0553225044559,
    "prl_w1": -52.0298837396153,
    "prl_w2": -52.2756461271968,
    "prm10r_w0": -51.5624469681398,
    "prm10r_w1": -52.0418293968883,
    "prm10r_w2": -52.0214770154265,
    "prm_w0": -51.2011493888035,
    "prm_w1": -51.4318925180201,
    "pr2_w2": -52.3038103940311,
    "prm10l_w0": -52.2846592482504,
    "prm10l_w1": -52.2910169637313,
    "prm10l_w2": -52.2169353589347,
    "prr67_w0": -52.4587572643694,
    "prr67_w1": -52.694660665676,
    "prr67_w2": -53.3391589754772,
    "prr_w0": -51.9273185085395,
    "prr_w1": -52.3624163975426,
    "prr_w2": -52.7122564856827
}