{
    "pf_w0": -45.16047862,
    "pf_w1": -45.65666668,
    "pf_w2": -46.31901575,
    "pf_w3": -46.08596458,
    "d53_w0": -47.98261224,
    "d53_w1": -48.45586121,
    "d53_w2": -48.69443986,
    "d53_w3": -48.64033133,
    "d62_w0": -48.52827283,
    "d62_w1": -49.3887052,
    "d62_w2": -49.60487171,
    "d62_w3": -49.53322239,
    "prl_w0": -53.91412439,
    "prl_w1": -53.84176177,
    "prl_w2": -54.40959612,
    "prl_w3": -54.58464052,
    "prr_w0": -53.25018883,
    "prr_w1": -53.12931677,
    "prr_w2": -53.79438596,
    "prr_w3": -53.38778798
}