{
    "pf_w0": -45.1604786176949,
    "pf_w1": -45.6566666837761,
    "pf_w2": -46.3190157463153,
    "pf_w3": -46.0859645799748,
    "d53_w0": -47.9826122375159,
    "d53_w1": -48.4558612131979,
    "d53_w2": -48.6944398565819,
    "d53_w3": -48.6403313301406,
    "d62_w0": -48.52827283,
    "d62_w1": -49.3887052,
    "d62_w2": -49.60487171,
    "d62_w3": -49.53322239,
    "prl_w0": -53.9141243891817,
    "prl_w1": -53.8417617693669,
    "prl_w2": -54.4095961215496,
    "prl_w3": -54.5846405244812,
    "prr_w0": -53.2501888301491,
    "prr_w1": -53.1293167723104,
    "prr_w2": -53.7943859569699,
    "prr_w3": -53.3877879792313
}