{
"d48_w0": -49.4341741879156,
"d48_w1": -49.2954378439403,
"d48_w2": -49.0269613175566,
"d58_w0": -49.1150666648785,
"d58_w1": -49.4350080343057,
"d58_w2": -50.0195608334251,
"pf_w0": -49.6578054050923,
"pf_w1": -49.9585289581113,
"pf_w2": -50.1093757021454,
"prl10r_w0": -58.1038580141642,
"prl10r_w1": -58.3654196752497,
"prl10r_w2": -58.8012084279726,
"prl_w0": -58.6119795493295,
"prl_w1": -58.9840675512307,
"prl_w2": -59.2041351177672,
"prm10d_w0": -55.8552117991902,
"prm10d_w1": -56.0187149653904,
"prm10d_w2": -56.2555650783638,
"prm_w0": -56.7667563495399,
"prm_w1": -56.3501246898074,
"prm_w2": -56.5221353539521,
"prr10l_w0": -57.0262885362579,
"prr10l_w1": -56.034244516639,
"prr10l_w2": -55.9898107978628,
"prr_w0": -57.1844386655975,
"prr_w1": -56.9656963607257,
"prr_w2": -57.1046948123361
}