{
    "pf_w0": -47.2047710395273,
    "pf_w1": -47.6571241684157,
    "pf_w2": -47.9921123281604,
    "pf_w3": -48.0028809143037,
    "d50_w0": -47.7568961251749,
    "d50_w1": -48.394502945479,
    "d50_w2": -48.5461861465751,
    "d50_w3": -48.6537411721942,
    "d60_w0": -48.4865299132857,
    "d60_w1": -49.2647887087621,
    "d60_w2": -48.8538641698803,
    "d60_w3": -49.1111552397886,
    "prm_w0": -52.4824374868972,
    "prm_w1": -53.073170658549,
    "prm_w2": -53.1296267000891,
    "prm_w3": -53.0019784354999,
    "prl_w0": -54.3057151873424,
    "prl_w1": -55.6422702605839,
    "prl_w2": -55.5280523087981,
    "prl_w3": -55.7357162699934,
    "prr_w0": -54.9418461234384,
    "prr_w1": -55.9746050331665,
    "prr_w2": -55.6626665107246,
    "prr_w3": -55.7516376544564
}