{
    "pf_w0": -47.20477104,
    "pf_w1": -47.65712417,
    "pf_w2": -47.99211233,
    "pf_w3": -48.00288091,
    "d50_w0": -47.75689613,
    "d50_w1": -48.39450295,
    "d50_w2": -48.54618615,
    "d50_w3": -48.65374117,
    "prm_w0": -52.48243749,
    "prm_w1": -53.07317066,
    "prm_w2": -53.1296267
}