{
    "pf_w0": -47.20477104,
    "pf_w1": -47.65712417,
    "pf_w2": -47.99211233,
    "pf_w3": -48.00288091,
    "d50_w0": -47.75689613,
    "d50_w1": -48.39450295,
    "d50_w2": -48.54618615,
    "d50_w3": -48.65374117,
    "prm_w0": -52.48243749,
    "prm_w1": -53.07317066,
    "prm_w2": -53.1296267,
    "prm_w3": -53.00197844,
    "prl_w0": -54.3057151873424,
    "prl_w1": -55.6422702605839,
    "prl_w2": -55.5280523087981,
    "prl_w3": -55.7357162699934,
    "prr_w0": -54.9418461234384,
    "prr_w1": -55.9746050331665,
    "prr_w2": -55.6626665107246,
    "prr_w3": -55.7516376544564,
    "d60_w0": -48.4865299132857,
    "d60_w1": -49.2647887087621,
    "d60_w2": -48.8538641698803,
    "d60_w3": -49.1111552397886
}