{
    "pf60_w0": -47.2372643511908,
    "pf60_w1": -47.3787076732186,
    "pf60_w2": -47.7987153238567,
    "pf60_w3": -47.6681613132627,
    "pf80_w0": -49.197394022545,
    "pf80_w1": -49.5873584991435,
    "pf80_w2": -49.462430172442,
    "pf80_w3": -49.5328210661445,
    "d50_w0": -47.9739372635973,
    "d50_w1": -48.2107841821938,
    "d50_w2": -48.4289956977526,
    "d50_w3": -48.3460434785669,
    "prl_w0": -56.053607275182,
    "prl_w1": -55.7675575771252,
    "prl_w2": -55.9472607385076,
    "prl_w3": -55.6995585851238,
    "prm_w0": -53.6075802530841,
    "prm_w1": -54.0813097153005,
    "prm_w2": -54.2740555458485,
    "prm_w3": -54.1166031151719,
    "prr_w0": -54.4785860074181,
    "prr_w1": -54.6085662807048,
    "prr_w2": -55.0544164502435,
    "prr_w3": -54.2579314003621
}