{
    "pf60_w0": -47.23726435,
    "pf60_w1": -47.37870767,
    "pf60_w2": -47.79871532,
    "pf60_w3": -47.66816131,
    "pf80_w0": -49.19739402,
    "pf80_w1": -49.5873585,
    "pf80_w2": -49.46243017,
    "pf80_w3": -49.53282107,
    "d50_w0": -47.97393726,
    "d50_w1": -48.21078418,
    "d50_w2": -48.4289957,
    "d50_w3": -48.34604348,
    "prl_w0": -56.05360728,
    "prl_w1": -55.76755758,
    "prl_w2": -55.94726074,
    "prl_w3": -55.69955859,
    "prm_w0": -53.60758025,
    "prm_w1": -54.08130972,
    "prm_w2": -54.27405555,
    "prm_w3": -54.11660312,
    "prr_w0": -54.47858601,
    "prr_w2": -55.05441645,
    "prr_w3": -54.2579314
}