{
    "pf_w0": -46.0654582312643,
    "pf_w1": -46.3491902700323,
    "pf_w2": -47.2414525508623,
    "pf_w3": -47.2712918913155,
    "d53_w0": -47.106015999442,
    "d53_w1": -47.7609769533584,
    "d53_w2": -48.3077805675447,
    "d53_w3": -48.4310931390354,
    "d62_w0": -47.4714548344081,
    "d62_w1": -47.9427520060778,
    "d62_w2": -48.4218122305947,
    "d62_w3": -47.8968896845768,
    "prl_w0": -50.442255135214,
    "prl_w1": -50.4819762721871,
    "prl_w2": -50.3266176462707,
    "prl_w3": -50.5520949487883,
    "prr_w0": -50.1605666580936,
    "prr_w1": -50.2744777506476,
    "prr_w2": -51.062255420786,
    "prr_w3": -50.9883353009229
}