{
    "0": 1.095810281,
    "1": 1.047430337,
    "2": 1.023875868,
    "3": 1.083985207,
    "4": 1,
    "5": 1.300570244,
    "6": 1.246272835,
    "7": 1.106925154
}



