{
    "pf_w0": -47.1185298820711,
    "pf_w1": -47.2811230453531,
    "pf_w2": -47.695952264362,
    "pf_w3": -47.5755998301317,
    "d55_w0": -47.6129300944299,
    "d55_w1": -47.8983833911216,
    "d55_w2": -47.8747032129197,
    "d55_w3": -47.89315353315,
    "d63_w0": -47.5589434736918,
    "d63_w1": -48.0154243330377,
    "d63_w2": -48.0185764557941,
    "d63_w3": -48.0847833952293,
    "prl_w0": -53.193351973931,
    "prl_w1": -53.2100167537884,
    "prl_w2": -53.1494180275736,
    "prl_w3": -53.5570477333075,
    "prm_w0": -51.0542177300326,
    "prm_w1": -51.062410977867,
    "prm_w2": -52.0885907891581,
    "prm_w3": -51.9564887497631,
    "prr_w0": -53.0270960456055,
    "prr_w1": -53.3264780983416,
    "prr_w2": -53.6380505452304,
    "prr_w3": -53.3806372610642
}