{
    "pf_w0": -46.1053573310037,
    "pf_w1": -46.4238281101223,
    "pf_w2": -46.7725281310811,
    "pf_w3": -46.6551658107671,
    "d52_w0": -46.7798822453804,
    "d52_w1": -46.9639337138354,
    "d52_w2": -47.344486447623,
    "d52_w3": -47.2514541044053,
    "dr_w0": -46.8586973194285,
    "dr_w1": -46.7563514793167,
    "dr_w2": -46.9363905884222,
    "dr_w3": -46.941719595444,
    "prl_w0": -53.6726310145268,
    "prl_w1": -53.559647602205,
    "prl_w2": -54.4525971498666,
    "prl_w3": -54.4033406920434,
    "prm_w0": -52.0113883106942,
    "prm_w1": -52.1475626452504,
    "prm_w2": -52.7359626270236,
    "prm_w3": -52.5862802547855,
    "prr_w0": -54.9061239730235,
    "prr_w1": -54.4381525648233,
    "prr_w2": -54.5730317754716,
    "prr_w3": -54.500658321128
}